{
  "Use Non-ASCII Font" : false,
  "Tags" : [

  ],
  "Ansi 12 Color" : {
    "Red Component" : 0.58823529411764708,
    "Color Space" : "sRGB",
    "Blue Component" : 0.97254901960784312,
    "Alpha Component" : 1,
    "Green Component" : 0.74901960784313726
  },
  "Ansi 1 Color" : {
    "Red Component" : 0.98039215686274506,
    "Color Space" : "sRGB",
    "Blue Component" : 0.40784313725490196,
    "Alpha Component" : 1,
    "Green Component" : 0.41960784313725491
  },
  "Draw Powerline Glyphs" : false,
  "Bold Color" : {
    "Red Component" : 0.835784912109375,
    "Color Space" : "sRGB",
    "Blue Component" : 0.835784912109375,
    "Alpha Component" : 1,
    "Green Component" : 0.835784912109375
  },
  "Normal Font" : "SFMono-Regular 11",
  "Ansi 2 Color" : {
    "Red Component" : 0.38039215686274508,
    "Color Space" : "sRGB",
    "Blue Component" : 0.18431372549019609,
    "Alpha Component" : 1,
    "Green Component" : 0.75294117647058822
  },
  "Ansi 3 Color" : {
    "Red Component" : 0.83921568627450982,
    "Color Space" : "sRGB",
    "Blue Component" : 0.33333333333333331,
    "Alpha Component" : 1,
    "Green Component" : 0.74901960784313726
  },
  "Rows" : 40,
  "Default Bookmark" : "No",
  "Ansi 5 Color" : {
    "Red Component" : 0.767475568331205,
    "Color Space" : "sRGB",
    "Blue Component" : 0.835784912109375,
    "Alpha Component" : 1,
    "Green Component" : 0.61377954483032227
  },
  "Non-ASCII Anti Aliased" : true,
  "Use Bright Bold" : true,
  "Ansi 10 Color" : {
    "Red Component" : 0.63529413938522339,
    "Color Space" : "sRGB",
    "Blue Component" : 0.49803921568627452,
    "Alpha Component" : 1,
    "Green Component" : 0.88235294818878174
  },
  "Icon" : 1,
  "Ambiguous Double Width" : false,
  "Jobs to Ignore" : [
    "rlogin",
    "ssh",
    "slogin",
    "telnet"
  ],
  "Ansi 15 Color" : {
    "Red Component" : 0.90196078431372551,
    "Color Space" : "sRGB",
    "Blue Component" : 0.90196078431372551,
    "Alpha Component" : 1,
    "Green Component" : 0.90196078431372551
  },
  "Foreground Color" : {
    "Red Component" : 0.73333333333333328,
    "Color Space" : "sRGB",
    "Blue Component" : 0.73333333333333328,
    "Alpha Component" : 1,
    "Green Component" : 0.73333333333333328
  },
  "Bound Hosts" : [

  ],
  "Working Directory" : "\/Users\/hykilpikonna",
  "Blinking Cursor" : true,
  "Disable Window Resizing" : true,
  "Sync Title" : false,
  "Prompt Before Closing 2" : false,
  "BM Growl" : true,
  "Mouse Reporting" : true,
  "Command" : "",
  "Description" : "Default",
  "Screen" : -1,
  "Selection Color" : {
    "Red Component" : 0.070159912109375,
    "Color Space" : "sRGB",
    "Blue Component" : 0.070159912109375,
    "Alpha Component" : 1,
    "Green Component" : 0.070159912109375
  },
  "Only The Default BG Color Uses Transparency" : false,
  "Columns" : 140,
  "Idle Code" : 0,
  "Ansi 13 Color" : {
    "Red Component" : 0.8901960784313725,
    "Color Space" : "sRGB",
    "Blue Component" : 0.97254901960784312,
    "Alpha Component" : 1,
    "Green Component" : 0.71764705882352942
  },
  "Title Components" : 130,
  "Custom Command" : "No",
  "ASCII Anti Aliased" : true,
  "Non Ascii Font" : "MicrosoftYaHei 12",
  "Vertical Spacing" : 1,
  "Use Bold Font" : true,
  "Option Key Sends" : 0,
  "Selected Text Color" : {
    "Red Component" : 0.99215686321258545,
    "Color Space" : "sRGB",
    "Blue Component" : 0.82745099067687988,
    "Alpha Component" : 1,
    "Green Component" : 0.81176471710205078
  },
  "Background Color" : {
    "Red Component" : 0.16862745098039217,
    "Color Space" : "sRGB",
    "Blue Component" : 0.16862745098039217,
    "Alpha Component" : 1,
    "Green Component" : 0.16862745098039217
  },
  "Character Encoding" : 4,
  "Ansi 11 Color" : {
    "Red Component" : 0.97647058823529409,
    "Color Space" : "sRGB",
    "Blue Component" : 0.4392156862745098,
    "Alpha Component" : 1,
    "Green Component" : 0.87058823529411766
  },
  "Non-ASCII Ligatures" : false,
  "Use Italic Font" : true,
  "Unlimited Scrollback" : true,
  "Keyboard Map" : {
    "0xf700-0x260000" : {
      "Text" : "[1;6A",
      "Action" : 10
    },
    "0x37-0x40000" : {
      "Text" : "0x1f",
      "Action" : 11
    },
    "0x32-0x40000" : {
      "Text" : "0x00",
      "Action" : 11
    },
    "0xf709-0x20000" : {
      "Text" : "[17;2~",
      "Action" : 10
    },
    "0xf70c-0x20000" : {
      "Text" : "[20;2~",
      "Action" : 10
    },
    "0xf729-0x20000" : {
      "Text" : "[1;2H",
      "Action" : 10
    },
    "0xf72b-0x40000" : {
      "Text" : "[1;5F",
      "Action" : 10
    },
    "0xf705-0x20000" : {
      "Text" : "[1;2Q",
      "Action" : 10
    },
    "0xf703-0x260000" : {
      "Text" : "[1;6C",
      "Action" : 10
    },
    "0xf700-0x220000" : {
      "Text" : "[1;2A",
      "Action" : 10
    },
    "0xf701-0x280000" : {
      "Text" : "0x1b 0x1b 0x5b 0x42",
      "Action" : 11
    },
    "0x38-0x40000" : {
      "Text" : "0x7f",
      "Action" : 11
    },
    "0x33-0x40000" : {
      "Text" : "0x1b",
      "Action" : 11
    },
    "0xf703-0x220000" : {
      "Text" : "[1;2C",
      "Action" : 10
    },
    "0xf701-0x240000" : {
      "Text" : "[1;5B",
      "Action" : 10
    },
    "0xf70d-0x20000" : {
      "Text" : "[21;2~",
      "Action" : 10
    },
    "0xf702-0x260000" : {
      "Text" : "[1;6D",
      "Action" : 10
    },
    "0xf729-0x40000" : {
      "Text" : "[1;5H",
      "Action" : 10
    },
    "0xf706-0x20000" : {
      "Text" : "[1;2R",
      "Action" : 10
    },
    "0x34-0x40000" : {
      "Text" : "0x1c",
      "Action" : 11
    },
    "0xf700-0x280000" : {
      "Text" : "0x1b 0x1b 0x5b 0x41",
      "Action" : 11
    },
    "0x2d-0x40000" : {
      "Text" : "0x1f",
      "Action" : 11
    },
    "0xf70e-0x20000" : {
      "Text" : "[23;2~",
      "Action" : 10
    },
    "0xf702-0x220000" : {
      "Text" : "[1;2D",
      "Action" : 10
    },
    "0xf703-0x280000" : {
      "Text" : "0x1b 0x1b 0x5b 0x43",
      "Action" : 11
    },
    "0xf700-0x240000" : {
      "Text" : "[1;5A",
      "Action" : 10
    },
    "0xf707-0x20000" : {
      "Text" : "[1;2S",
      "Action" : 10
    },
    "0xf70a-0x20000" : {
      "Text" : "[18;2~",
      "Action" : 10
    },
    "0x35-0x40000" : {
      "Text" : "0x1d",
      "Action" : 11
    },
    "0xf70f-0x20000" : {
      "Text" : "[24;2~",
      "Action" : 10
    },
    "0xf703-0x240000" : {
      "Text" : "[1;5C",
      "Action" : 10
    },
    "0xf701-0x260000" : {
      "Text" : "[1;6B",
      "Action" : 10
    },
    "0xf702-0x280000" : {
      "Text" : "0x1b 0x1b 0x5b 0x44",
      "Action" : 11
    },
    "0xf72b-0x20000" : {
      "Text" : "[1;2F",
      "Action" : 10
    },
    "0x36-0x40000" : {
      "Text" : "0x1e",
      "Action" : 11
    },
    "0xf708-0x20000" : {
      "Text" : "[15;2~",
      "Action" : 10
    },
    "0xf701-0x220000" : {
      "Text" : "[1;2B",
      "Action" : 10
    },
    "0xf70b-0x20000" : {
      "Text" : "[19;2~",
      "Action" : 10
    },
    "0xf702-0x240000" : {
      "Text" : "[1;5D",
      "Action" : 10
    },
    "0xf704-0x20000" : {
      "Text" : "[1;2P",
      "Action" : 10
    }
  },
  "Window Type" : 0,
  "Blink Allowed" : true,
  "Cursor Type" : 1,
  "Background Image Location" : "",
  "Blur" : false,
  "Scrollback Lines" : 0,
  "Send Code When Idle" : false,
  "Close Sessions On End" : true,
  "Terminal Type" : "xterm-256color",
  "Visual Bell" : true,
  "Flashing Bell" : false,
  "Silence Bell" : false,
  "Unicode Normalization" : 0,
  "Ansi 14 Color" : {
    "Red Component" : 0.29803921568627451,
    "Color Space" : "sRGB",
    "Blue Component" : 0.8784313725490196,
    "Alpha Component" : 1,
    "Green Component" : 0.8784313725490196
  },
  "Unicode Version" : 9,
  "Name" : "HyDEV",
  "Cursor Text Color" : {
    "Green Component" : 1,
    "Red Component" : 1,
    "Blue Component" : 1
  },
  "Shortcut" : "",
  "Cursor Color" : {
    "Red Component" : 0.99215686274509807,